id,state,name
1,1,ASIENTOS
2,1,CALVILLO
3,1,COSIO
4,1,JESUS MARIA
5,1,PABELLON DE ARTEAGA
6,1,RINCON DE ROMOS
7,1,SAN JOSE DE GRACIA
8,1,TEPEZALA
9,1,SAN FRANCISCO DE LOS ROMO
10,1,EL LLANO
11,1,AGUASCALIENTES
12,1,AGUASCALIENTES
13,2,MEXICALI
14,2,MEXICALI
15,2,ENSENADA
16,2,SAN QUINTIN
17,2,SAN FELIPE
18,2,TIJUANA
19,2,TIJUANA
20,2,TIJUANA
21,2,ENSENADA
22,2,MEXICALI
23,2,SAN FELIPE
24,2,TIJUANA
25,2,TECATE
26,2,TIJUANA
27,2,PLAYAS DE ROSARITO
28,3,COMONDU
29,3,MULEGE
30,3,LA PAZ
31,3,LORETO
32,3,LOS CABOS
33,4,CAMPECHE
34,4,CALKINI
35,4,HECELCHAKAN
36,4,HOPELCHEN
37,4,TENABO
38,4,CALAKMUL
39,4,DZITBALCHE
40,4,CARMEN
41,4,CHAMPOTON
42,4,PALIZADA
43,4,ESCARCEGA
44,4,CANDELARIA
45,4,SEYBAPLAYA
46,5,ACUÑA
47,5,JIMENEZ
48,5,MORELOS
49,5,NAVA
50,5,PIEDRAS NEGRAS
51,5,ZARAGOZA
52,5,CUATROCIENEGAS
53,5,FRANCISCO I. MADERO
54,5,FRONTERA
55,5,LAMADRID
56,5,MUZQUIZ
57,5,NADADORES
58,5,OCAMPO
59,5,SACRAMENTO
60,5,SAN BUENAVENTURA
61,5,SAN PEDRO
62,5,SIERRA MOJADA
63,5,ABASOLO
64,5,ALLENDE
65,5,CANDELA
66,5,CASTAÑOS
67,5,ESCOBEDO
68,5,GUERRERO
69,5,HIDALGO
70,5,JUAREZ
71,5,MONCLOVA
72,5,PROGRESO
73,5,SABINAS
74,5,SAN JUAN DE SABINAS
75,5,VILLA UNION
76,5,SALTILLO
77,5,TORREON
78,5,TORREON
79,5,SALTILLO
80,5,ARTEAGA
81,5,GENERAL CEPEDA
82,5,MATAMOROS
83,5,PARRAS
84,5,RAMOS ARIZPE
85,5,TORREON
86,5,VIESCA
87,6,COLIMA
88,6,COMALA
89,6,COQUIMATLAN
90,6,CUAUHTEMOC
91,6,VILLA DE ALVAREZ
92,6,ARMERIA
93,6,IXTLAHUACAN
94,6,MANZANILLO
95,6,MINATITLAN
96,6,TECOMAN
97,7,CATAZAJA
98,7,LA LIBERTAD
99,7,PALENQUE
100,7,SABANILLA
101,7,SALTO DE AGUA
102,7,TILA
103,7,TUMBALA
104,7,YAJALON
105,7,BOCHIL
106,7,EL BOSQUE
107,7,CHALCHIHUITAN
108,7,CHENALHO
109,7,HUITIUPAN
110,7,IXTAPA
111,7,JITOTOL
112,7,LARRAINZAR
113,7,MITONTIC
114,7,PANTELHO
115,7,PUEBLO NUEVO SOLISTAHUACAN
116,7,SIMOJOVEL
117,7,SOYALO
118,7,ALDAMA
119,7,SAN ANDRES DURAZNAL
120,7,SANTIAGO EL PINAR
121,7,CHILON
122,7,OCOSINGO
123,7,SITALA
124,7,BENEMERITO DE LAS AMERICAS
125,7,MARQUES DE COMILLAS
126,7,AMATAN
127,7,COAPILLA
128,7,COPAINALA
129,7,CHAPULTENANGO
130,7,CHICOASEN
131,7,FRANCISCO LEON
132,7,IXHUATAN
133,7,IXTACOMITAN
134,7,IXTAPANGAJOYA
135,7,JUAREZ
136,7,OCOTEPEC
137,7,OSTUACAN
138,7,OSUMACINTA
139,7,PANTEPEC
140,7,PICHUCALCO
141,7,RAYON
142,7,REFORMA
143,7,SAN FERNANDO
144,7,SOLOSUCHIAPA
145,7,SUNUAPA
146,7,TAPALAPA
147,7,TAPILULA
148,7,TECPATAN
149,7,RINCON CHAMULA SAN PEDRO
150,7,MEZCALAPA
151,7,CHAMULA
152,7,SAN CRISTOBAL DE LAS CASAS
153,7,SAN JUAN CANCUC
154,7,TENEJAPA
155,7,ZINACANTAN
156,7,ACALA
157,7,CHIAPA DE CORZO
158,7,CHIAPILLA
159,7,NICOLAS RUIZ
160,7,SAN LUCAS
161,7,SUCHIAPA
162,7,TOTOLAPA
163,7,TUXTLA GUTIERREZ
164,7,VENUSTIANO CARRANZA
165,7,EMILIANO ZAPATA
166,7,ACACOYAGUA
167,7,ACAPETAHUA
168,7,ARRIAGA
169,7,CINTALAPA
170,7,ESCUINTLA
171,7,JIQUIPILAS
172,7,MAPASTEPEC
173,7,PIJIJIAPAN
174,7,TONALA
175,7,BELLA VISTA
176,7,COMITAN DE DOMINGUEZ
177,7,CHICOMUSELO
178,7,FRONTERA COMALAPA
179,7,SOCOLTENANGO
180,7,LA TRINITARIA
181,7,TZIMOL
182,7,TUXTLA GUTIERREZ
183,7,ANGEL ALBINO CORZO
184,7,BERRIOZABAL
185,7,LA CONCORDIA
186,7,OCOZOCOAUTLA DE ESPINOSA
187,7,VILLA CORZO
188,7,VILLAFLORES
189,7,MONTECRISTO DE GUERRERO
190,7,CAPITAN LUIS ANGEL VIDAL
191,7,EL PARRAL
192,7,ALTAMIRANO
193,7,AMATENANGO DEL VALLE
194,7,CHANAL
195,7,HUIXTAN
196,7,LA INDEPENDENCIA
197,7,LAS MARGARITAS
198,7,OXCHUC
199,7,LAS ROSAS
200,7,SAN CRISTOBAL DE LAS CASAS
201,7,TEOPISCA
202,7,MARAVILLA TENEJAPA
203,7,CACAHOATAN
204,7,FRONTERA HIDALGO
205,7,METAPA
206,7,SUCHIATE
207,7,TAPACHULA
208,7,TUXTLA CHICO
209,7,UNION JUAREZ
210,7,AMATENANGO DE LA FRONTERA
211,7,BEJUCAL DE OCAMPO
212,7,LA GRANDEZA
213,7,HUEHUETAN
214,7,HUIXTLA
215,7,MAZAPA DE MADERO
216,7,MAZATAN
217,7,MOTOZINTLA
218,7,EL PORVENIR
219,7,SILTEPEC
220,7,TAPACHULA
221,7,TUZANTAN
222,7,VILLACOMALTITLAN
223,7,HONDURAS DE LA SIERRA
224,8,JUAREZ
225,8,AHUMADA
226,8,GUADALUPE
227,8,JUAREZ
228,8,PRAXEDIS G. GUERRERO
229,8,ASCENSION
230,8,JANOS
231,8,JUAREZ
232,8,JUAREZ
233,8,ALDAMA
234,8,AQUILES SERDAN
235,8,CAMARGO
236,8,COYAME DEL SOTOL
237,8,LA CRUZ
238,8,DELICIAS
239,8,JIMENEZ
240,8,JULIMES
241,8,MANUEL BENAVIDES
242,8,MEOQUI
243,8,OJINAGA
244,8,ROSALES
245,8,SAN FRANCISCO DE CONCHOS
246,8,SAUCILLO
247,8,CHIHUAHUA
248,8,BACHINIVA
249,8,BUENAVENTURA
250,8,CASAS GRANDES
251,8,CUAUHTEMOC
252,8,CUSIHUIRIACHI
253,8,GALEANA
254,8,SANTA ISABEL
255,8,GOMEZ FARIAS
256,8,GRAN MORELOS
257,8,GUERRERO
258,8,IGNACIO ZARAGOZA
259,8,MADERA
260,8,MATACHI
261,8,MORIS
262,8,NAMIQUIPA
263,8,NUEVO CASAS GRANDES
264,8,OCAMPO
265,8,RIVA PALACIO
266,8,TEMOSACHIC
267,8,CHIHUAHUA
268,8,ALLENDE
269,8,BALLEZA
270,8,BATOPILAS DE MANUEL GOMEZ MORIN
271,8,BOCOYNA
272,8,CARICHI
273,8,CORONADO
274,8,CHINIPAS
275,8,DR. BELISARIO DOMINGUEZ
276,8,GUACHOCHI
277,8,GUADALUPE Y CALVO
278,8,GUAZAPARES
279,8,HIDALGO DEL PARRAL
280,8,HUEJOTITAN
281,8,LOPEZ
282,8,MAGUARICHI
283,8,MATAMOROS
284,8,MORELOS
285,8,NONOAVA
286,8,ROSARIO
287,8,SAN FRANCISCO DE BORJA
288,8,SAN FRANCISCO DEL ORO
289,8,SANTA BARBARA
290,8,SATEVO
291,8,EL TULE
292,8,URIQUE
293,8,URUACHI
294,8,VALLE DE ZARAGOZA
295,9,GUSTAVO A. MADERO
296,9,GUSTAVO A. MADERO
297,9,CUAUHTEMOC
298,9,AZCAPOTZALCO
299,9,IZTAPALAPA
300,9,TLALPAN
301,9,XOCHIMILCO
302,9,LA MAGDALENA CONTRERAS
303,9,ALVARO OBREGON
304,9,GUSTAVO A. MADERO
305,9,COYOACAN
306,9,TLAHUAC
307,9,MIGUEL HIDALGO
308,9,VENUSTIANO CARRANZA
309,9,CUAUHTEMOC
310,9,IZTACALCO
311,9,TLALPAN
312,9,BENITO JUAREZ
313,9,ALVARO OBREGON
314,9,CUAJIMALPA DE MORELOS
315,9,ALVARO OBREGON
316,9,IZTAPALAPA
317,9,COYOACAN
318,9,IZTAPALAPA
319,9,IZTAPALAPA
320,9,MILPA ALTA
321,9,XOCHIMILCO
322,9,IZTAPALAPA
323,10,CANELAS
324,10,DURANGO
325,10,GUANACEVI
326,10,MEZQUITAL
327,10,OTAEZ
328,10,PUEBLO NUEVO
329,10,SAN DIMAS
330,10,SANTIAGO PAPASQUIARO
331,10,TAMAZULA
332,10,TEPEHUANES
333,10,TOPIA
334,10,GOMEZ PALACIO
335,10,HIDALGO
336,10,INDE
337,10,MAPIMI
338,10,OCAMPO
339,10,EL ORO
340,10,SAN BERNARDO
341,10,SAN LUIS DEL CORDERO
342,10,SAN PEDRO DEL GALLO
343,10,TLAHUALILO
344,10,CANATLAN
345,10,CONETO DE COMONFORT
346,10,CUENCAME
347,10,SIMON BOLIVAR
348,10,GUADALUPE VICTORIA
349,10,LERDO
350,10,NAZAS
351,10,NOMBRE DE DIOS
352,10,NUEVO IDEAL
353,10,PANUCO DE CORONADO
354,10,PEÑON BLANCO
355,10,POANAS
356,10,RODEO
357,10,SAN JUAN DE GUADALUPE
358,10,SAN JUAN DEL RIO
359,10,SANTA CLARA
360,10,SUCHIL
361,10,VICENTE GUERRERO
362,10,DURANGO
363,11,ATARJEA
364,11,DOCTOR MORA
365,11,DOLORES HIDALGO CUNA DE LA INDEPENDENCIA NACIONAL
366,11,SAN LUIS DE LA PAZ
367,11,SANTA CATARINA
368,11,TIERRA BLANCA
369,11,VICTORIA
370,11,XICHU
371,11,SAN MIGUEL DE ALLENDE
372,11,CELAYA
373,11,COMONFORT
374,11,SAN JOSE ITURBIDE
375,11,LEON
376,11,GUANAJUATO
377,11,OCAMPO
378,11,SAN DIEGO DE LA UNION
379,11,SAN FELIPE
380,11,LEON
381,11,LEON
382,11,MANUEL DOBLADO
383,11,CUERAMARO
384,11,PURISIMA DEL RINCON
385,11,ROMITA
386,11,SAN FRANCISCO DEL RINCON
387,11,SALAMANCA
388,11,SANTA CRUZ DE JUVENTINO ROSAS
389,11,VILLAGRAN
390,11,IRAPUATO
391,11,SILAO DE LA VICTORIA
392,11,CORTAZAR
393,11,JARAL DEL PROGRESO
394,11,MOROLEON
395,11,SALVATIERRA
396,11,SANTIAGO MARAVATIO
397,11,URIANGATO
398,11,YURIRIA
399,11,LEON
400,11,CELAYA
401,11,ABASOLO
402,11,HUANIMARO
403,11,PENJAMO
404,11,PUEBLO NUEVO
405,11,VALLE DE SANTIAGO
406,11,ACAMBARO
407,11,APASEO EL ALTO
408,11,APASEO EL GRANDE
409,11,CORONEO
410,11,JERECUARO
411,11,TARANDACUAO
412,11,TARIMORO
413,11,IRAPUATO
414,12,AJUCHITLAN DEL PROGRESO
415,12,APAXTLA
416,12,ARCELIA
417,12,BUENAVISTA DE CUELLAR
418,12,COYUCA DE CATALAN
419,12,CUETZALA DEL PROGRESO
420,12,CUTZAMALA DE PINZON
421,12,GENERAL CANUTO A. NERI
422,12,IXCATEOPAN DE CUAUHTEMOC
423,12,PEDRO ASCENCIO ALQUISIRAS
424,12,PILCAYA
425,12,PUNGARABATO
426,12,SAN MIGUEL TOTOLAPAN
427,12,TAXCO DE ALARCON
428,12,TELOLOAPAN
429,12,TETIPAC
430,12,TLALCHAPA
431,12,TLAPEHUALA
432,12,ZIRANDARO
433,12,ACAPULCO DE JUAREZ
434,12,ATOYAC DE ALVAREZ
435,12,BENITO JUAREZ
436,12,COAHUAYUTLA DE JOSE MARIA IZAZAGA
437,12,COYUCA DE BENITEZ
438,12,ZIHUATANEJO DE AZUETA
439,12,PETATLAN
440,12,TECPAN DE GALEANA
441,12,LA UNION DE ISIDORO MONTES DE OCA
442,12,ACAPULCO DE JUAREZ
443,12,AHUACUOTZINGO
444,12,ALCOZAUCA DE GUERRERO
445,12,ALPOYECA
446,12,ATLAMAJALCINGO DEL MONTE
447,12,ATLIXTAC
448,12,COPANATOYAC
449,12,CUALAC
450,12,CHILAPA DE ALVAREZ
451,12,HUAMUXTITLAN
452,12,MALINALTEPEC
453,12,METLATONOC
454,12,OLINALA
455,12,SAN LUIS ACATLAN
456,12,TLACOAPA
457,12,TLALIXTAQUILLA DE MALDONADO
458,12,TLAPA DE COMONFORT
459,12,XALPATLAHUAC
460,12,XOCHIHUEHUETLAN
461,12,ZAPOTITLAN TABLAS
462,12,ACATEPEC
463,12,JOSE JOAQUIN DE HERRERA
464,12,ILIATENCO
465,12,COCHOAPA EL GRANDE
466,12,SANTA CRUZ DEL RINCON
467,12,ATENANGO DEL RIO
468,12,COCULA
469,12,COPALILLO
470,12,CHILAPA DE ALVAREZ
471,12,HUITZUCO DE LOS FIGUEROA
472,12,IGUALA DE LA INDEPENDENCIA
473,12,MARTIR DE CUILAPAN
474,12,QUECHULTENANGO
475,12,TEPECOACUILCO DE TRUJANO
476,12,ZITLALA
477,12,CHILPANCINGO DE LOS BRAVO
478,12,EDUARDO NERI
479,12,GENERAL HELIODORO CASTILLO
480,12,LEONARDO BRAVO
481,12,MOCHITLAN
482,12,TIXTLA DE GUERRERO
483,12,AYUTLA DE LOS LIBRES
484,12,AZOYU
485,12,COPALA
486,12,CUAJINICUILAPA
487,12,CUAUTEPEC
488,12,FLORENCIO VILLARREAL
489,12,IGUALAPA
490,12,JUAN R. ESCUDERO
491,12,METLATONOC
492,12,OMETEPEC
493,12,SAN LUIS ACATLAN
494,12,SAN MARCOS
495,12,TECOANAPA
496,12,TLACOACHISTLAHUACA
497,12,XOCHISTLAHUACA
498,12,MARQUELIA
499,12,JUCHITAN
500,12,ÑUU SAVI
501,12,LAS VIGAS
502,12,SAN NICOLAS
503,13,ATLAPEXCO
504,13,CALNALI
505,13,ELOXOCHITLAN
506,13,HUAUTLA
507,13,HUAZALINGO
508,13,HUEJUTLA DE REYES
509,13,JALTOCAN
510,13,JUAREZ HIDALGO
511,13,LOLOTLA
512,13,MOLANGO DE ESCAMILLA
513,13,SAN FELIPE ORIZATLAN
514,13,TEPEHUACAN DE GUERRERO
515,13,TIANGUISTENGO
516,13,TLANCHINOL
517,13,XOCHIATIPAN
518,13,XOCHICOATLAN
519,13,YAHUALICA
520,13,ZACUALTIPAN DE ANGELES
521,13,ALFAJAYUCAN
522,13,CARDONAL
523,13,CHAPULHUACAN
524,13,CHILCUAUTLA
525,13,IXMIQUILPAN
526,13,JACALA DE LEDEZMA
527,13,LA MISION
528,13,MIXQUIAHUALA DE JUAREZ
529,13,NICOLAS FLORES
530,13,PACULA
531,13,PISAFLORES
532,13,PROGRESO DE OBREGON
533,13,SAN SALVADOR
534,13,SANTIAGO DE ANAYA
535,13,TASQUILLO
536,13,TECOZAUTLA
537,13,TLAHUILTEPA
538,13,ZIMAPAN
539,13,ACTOPAN
540,13,ATOTONILCO EL GRANDE
541,13,EL ARENAL
542,13,EPAZOYUCAN
543,13,HUASCA DE OCAMPO
544,13,METZTITLAN
545,13,MINERAL DEL CHICO
546,13,MINERAL DEL MONTE
547,13,MINERAL DE LA REFORMA
548,13,OMITLAN DE JUAREZ
549,13,SAN AGUSTIN METZQUITITLAN
550,13,SINGUILUCAN
551,13,ACATLAN
552,13,ACAXOCHITLAN
553,13,AGUA BLANCA DE ITURBIDE
554,13,CUAUTEPEC DE HINOJOSA
555,13,HUEHUETLA
556,13,METEPEC
557,13,SAN BARTOLO TUTOTEPEC
558,13,SANTIAGO TULANTEPEC DE LUGO GUERRERO
559,13,TENANGO DE DORIA
560,13,TULANCINGO DE BRAVO
561,13,ATITALAQUIA
562,13,ATOTONILCO DE TULA
563,13,CHAPANTONGO
564,13,HUICHAPAN
565,13,NOPALA DE VILLAGRAN
566,13,TEPEJI DEL RIO DE OCAMPO
567,13,TEPETITLAN
568,13,TEZONTEPEC DE ALDAMA
569,13,TLAXCOAPAN
570,13,TULA DE ALLENDE
571,13,AJACUBA
572,13,FRANCISCO I. MADERO
573,13,PACHUCA DE SOTO
574,13,SAN AGUSTIN TLAXIACA
575,13,TETEPANGO
576,13,TLAHUELILPAN
577,13,ALMOLOYA
578,13,APAN
579,13,EMILIANO ZAPATA
580,13,TEPEAPULCO
581,13,TIZAYUCA
582,13,TLANALAPA
583,13,TOLCAYUCA
584,13,VILLA DE TEZONTEPEC
585,13,ZAPOTLAN DE JUAREZ
586,13,ZEMPOALA
587,14,AHUALULCO DE MERCADO
588,14,AMATITAN
589,14,AMECA
590,14,SAN JUANITO DE ESCOBEDO
591,14,EL ARENAL
592,14,BOLAÑOS
593,14,COLOTLAN
594,14,CHIMALTITAN
595,14,ETZATLAN
596,14,HOSTOTIPAQUILLO
597,14,HUEJUCAR
598,14,HUEJUQUILLA EL ALTO
599,14,MAGDALENA
600,14,MEZQUITIC
601,14,SAN CRISTOBAL DE LA BARRANCA
602,14,SAN MARCOS
603,14,SAN MARTIN DE BOLAÑOS
604,14,SANTA MARIA DE LOS ANGELES
605,14,TALA
606,14,TEQUILA
607,14,TEUCHITLAN
608,14,TOTATICHE
609,14,VILLA GUERRERO
610,14,ENCARNACION DE DIAZ
611,14,LAGOS DE MORENO
612,14,OJUELOS DE JALISCO
613,14,SAN JUAN DE LOS LAGOS
614,14,TEOCALTICHE
615,14,UNION DE SAN ANTONIO
616,14,VILLA HIDALGO
617,14,ACATIC
618,14,CUQUIO
619,14,IXTLAHUACAN DEL RIO
620,14,JUANACATLAN
621,14,MEXTICACAN
622,14,TEPATITLAN DE MORELOS
623,14,TOTOTLAN
624,14,VALLE DE GUADALUPE
625,14,CAÑADAS DE OBREGON
626,14,YAHUALICA DE GONZALEZ GALLO
627,14,ZAPOTLAN DEL REY
628,14,ZAPOTLANEJO
629,14,SAN IGNACIO CERRO GORDO
630,14,ZAPOPAN
631,14,ATENGO
632,14,ATENGUILLO
633,14,CABO CORRIENTES
634,14,CUAUTLA
635,14,GUACHINANGO
636,14,MASCOTA
637,14,MIXTLAN
638,14,PUERTO VALLARTA
639,14,SAN SEBASTIAN DEL OESTE
640,14,TALPA DE ALLENDE
641,14,TOMATLAN
642,14,ZAPOPAN
643,14,TONALA
644,14,GUADALAJARA
645,14,GUADALAJARA
646,14,ZAPOPAN
647,14,GUADALAJARA
648,14,TLAJOMULCO DE ZUÑIGA
649,14,ZAPOPAN
650,14,GUADALAJARA
651,14,SAN PEDRO TLAQUEPAQUE
652,14,TLAJOMULCO DE ZUÑIGA
653,14,ARANDAS
654,14,ATOTONILCO EL ALTO
655,14,AYOTLAN
656,14,LA BARCA
657,14,DEGOLLADO
658,14,JALOSTOTITLAN
659,14,JAMAY
660,14,JESUS MARIA
661,14,SAN DIEGO DE ALEJANDRIA
662,14,SAN JULIAN
663,14,SAN MIGUEL EL ALTO
664,14,SAN PEDRO TLAQUEPAQUE
665,14,ACATLAN DE JUAREZ
666,14,CHAPALA
667,14,IXTLAHUACAN DE LOS MEMBRILLOS
668,14,JAMAY
669,14,JOCOTEPEC
670,14,OCOTLAN
671,14,PONCITLAN
672,14,TECHALUTA DE MONTENEGRO
673,14,VILLA CORONA
674,14,ZACOALCO DE TORRES
675,14,AMACUECA
676,14,ATEMAJAC DE BRIZUELA
677,14,AUTLAN DE NAVARRO
678,14,AYUTLA
679,14,CASIMIRO CASTILLO
680,14,CIHUATLAN
681,14,SAN GABRIEL
682,14,COCULA
683,14,CUAUTITLAN DE GARCIA BARRAGAN
684,14,CHIQUILISTLAN
685,14,EJUTLA
686,14,EL GRULLO
687,14,LA HUERTA
688,14,JUCHITLAN
689,14,EL LIMON
690,14,VILLA PURIFICACION
691,14,SAN MARTIN HIDALGO
692,14,TAPALPA
693,14,TECOLOTLAN
694,14,TENAMAXTLAN
695,14,TOLIMAN
696,14,TONAYA
697,14,TUXCACUESCO
698,14,UNION DE TULA
699,14,ZAPOTITLAN DE VADILLO
700,14,ATOYAC
701,14,ZAPOTLAN EL GRANDE
702,14,CONCEPCION DE BUENOS AIRES
703,14,GOMEZ FARIAS
704,14,JILOTLAN DE LOS DOLORES
705,14,SANTA MARIA DEL ORO
706,14,LA MANZANILLA DE LA PAZ
707,14,MAZAMITLA
708,14,PIHUAMO
709,14,QUITUPAN
710,14,SAYULA
711,14,TAMAZULA DE GORDIANO
712,14,TECALITLAN
713,14,TEOCUITATLAN DE CORONA
714,14,TIZAPAN EL ALTO
715,14,TONILA
716,14,TUXCUECA
717,14,TUXPAN
718,14,VALLE DE JUAREZ
719,14,ZAPOTILTIC
720,14,EL SALTO
721,14,SAN PEDRO TLAQUEPAQUE
722,14,TONALA
723,15,ACAMBAY DE RUIZ CASTAÑEDA
724,15,ACULCO
725,15,CHAPA DE MOTA
726,15,JILOTEPEC
727,15,MORELOS
728,15,EL ORO
729,15,POLOTITLAN
730,15,SOYANIQUILPAN DE JUAREZ
731,15,TEMASCALCINGO
732,15,TIMILPAN
733,15,CUAUTITLAN
734,15,MELCHOR OCAMPO
735,15,TULTEPEC
736,15,ATLACOMULCO
737,15,IXTLAHUACA
738,15,JIQUIPILCO
739,15,JOCOTITLAN
740,15,NICOLAS ROMERO
741,15,TECAMAC
742,15,TEMASCALAPA
743,15,TEOTIHUACAN
744,15,COACALCO DE BERRIOZABAL
745,15,TULTITLAN
746,15,CUAUTITLAN IZCALLI
747,15,CUAUTITLAN IZCALLI
748,15,TULTITLAN
749,15,DONATO GUERRA
750,15,SAN FELIPE DEL PROGRESO
751,15,VILLA DE ALLENDE
752,15,VILLA VICTORIA
753,15,SAN JOSE DEL RINCON
754,15,ECATEPEC DE MORELOS
755,15,ECATEPEC DE MORELOS
756,15,IXTAPALUCA
757,15,ECATEPEC DE MORELOS
758,15,ACOLMAN
759,15,AXAPUSCO
760,15,CHIAUTLA
761,15,NOPALTEPEC
762,15,OTUMBA
763,15,PAPALOTLA
764,15,SAN MARTIN DE LAS PIRAMIDES
765,15,TEPETLAOXTOC
766,15,TEZOYUCA
767,15,ATIZAPAN DE ZARAGOZA
768,15,ECATEPEC DE MORELOS
769,15,TLALNEPANTLA DE BAZ
770,15,ECATEPEC DE MORELOS
771,15,NEZAHUALCOYOTL
772,15,HUIXQUILUCAN
773,15,ISIDRO FABELA
774,15,JILOTZINGO
775,15,OTZOLOTEPEC
776,15,XONACATLAN
777,15,TLALNEPANTLA DE BAZ
778,15,JALTENCO
779,15,NEXTLALPAN
780,15,TECAMAC
781,15,TONANITLA
782,15,AMECAMECA
783,15,ATLAUTLA
784,15,AYAPANGO
785,15,COCOTITLAN
786,15,ECATZINGO
787,15,IXTAPALUCA
788,15,JUCHITEPEC
789,15,OZUMBA
790,15,TEMAMATLA
791,15,TENANGO DEL AIRE
792,15,TEPETLIXPA
793,15,TLALMANALCO
794,15,ATIZAPAN DE ZARAGOZA
795,15,NAUCALPAN DE JUAREZ
796,15,ALMOLOYA DEL RIO
797,15,ATIZAPAN
798,15,CAPULHUAC
799,15,XALATLACO
800,15,LERMA
801,15,OCOYOACAC
802,15,TEXCALYACAC
803,15,TIANGUISTENCO
804,15,NAUCALPAN DE JUAREZ
805,15,CHIMALHUACAN
806,15,TOLUCA
807,15,CALIMAYA
808,15,CHAPULTEPEC
809,15,METEPEC
810,15,MEXICALTZINGO
811,15,SAN ANTONIO LA ISLA
812,15,SAN MATEO ATENCO
813,15,APAXCO
814,15,HUEYPOXTLA
815,15,TEQUIXQUIAC
816,15,ZUMPANGO
817,15,NEZAHUALCOYOTL
818,15,CHICOLOAPAN
819,15,CHIMALHUACAN
820,15,NEZAHUALCOYOTL
821,15,VALLE DE CHALCO SOLIDARIDAD
822,15,CHALCO
823,15,TOLUCA
824,15,COATEPEC HARINAS
825,15,IXTAPAN DE LA SAL
826,15,JOQUICINGO
827,15,MALINALCO
828,15,OCUILAN
829,15,RAYON
830,15,TENANCINGO
831,15,TENANGO DEL VALLE
832,15,TONATICO
833,15,VILLA GUERRERO
834,15,ZUMPAHUACAN
835,15,ALMOLOYA DE ALQUISIRAS
836,15,AMANALCO
837,15,AMATEPEC
838,15,IXTAPAN DEL ORO
839,15,OTZOLOAPAN
840,15,SAN SIMON DE GUERRERO
841,15,SANTO TOMAS
842,15,SULTEPEC
843,15,TEJUPILCO
844,15,TEMASCALTEPEC
845,15,TEXCALTITLAN
846,15,TLATLAYA
847,15,VALLE DE BRAVO
848,15,ZACAZONAPAN
849,15,ZACUALPAN
850,15,LUVIANOS
851,15,COYOTEPEC
852,15,HUEHUETOCA
853,15,TEOLOYUCAN
854,15,TEPOTZOTLAN
855,15,VILLA DEL CARBON
856,15,ATENCO
857,15,CHICONCUAC
858,15,TEXCOCO
859,15,CHIMALHUACAN
860,15,LA PAZ
861,15,ALMOLOYA DE JUAREZ
862,15,OTZOLOTEPEC
863,15,TEMOAYA
864,15,ZINACANTEPEC
865,16,ARIO
866,16,ARTEAGA
867,16,CHURUMUCO
868,16,GABRIEL ZAMORA
869,16,LA HUACANA
870,16,LAZARO CARDENAS
871,16,MUGICA
872,16,NUEVO URECHO
873,16,PARACUARO
874,16,TUMBISCATIO
875,16,AGUILILLA
876,16,APATZINGAN
877,16,AQUILA
878,16,BUENAVISTA
879,16,COAHUAYANA
880,16,COALCOMAN DE VAZQUEZ PALLARES
881,16,CHINICUILA
882,16,PERIBAN
883,16,LOS REYES
884,16,TANCITARO
885,16,TEPALCATEPEC
886,16,ANGANGUEO
887,16,APORO
888,16,CONTEPEC
889,16,EPITACIO HUERTA
890,16,JUAREZ
891,16,JUNGAPEO
892,16,MARAVATIO
893,16,OCAMPO
894,16,SENGUIO
895,16,SUSUPUATO
896,16,TLALPUJAHUA
897,16,TUXPAN
898,16,TUZANTLA
899,16,ZITACUARO
900,16,BRISEÑAS
901,16,COTIJA
902,16,CHAVINDA
903,16,JACONA
904,16,JIQUILPAN
905,16,MARCOS CASTELLANOS
906,16,PAJACUARAN
907,16,COJUMATLAN DE REGULES
908,16,SAHUAYO
909,16,TANGAMANDAPIO
910,16,TINGÜINDIN
911,16,TOCUMBO
912,16,VENUSTIANO CARRANZA
913,16,VILLAMAR
914,16,VISTA HERMOSA
915,16,CHURINTZIO
916,16,ECUANDUREO
917,16,IXTLAN
918,16,NUMARAN
919,16,PENJAMILLO
920,16,LA PIEDAD
921,16,PUREPERO
922,16,TANHUATO
923,16,TLAZAZALCA
924,16,YURECUARO
925,16,ZAMORA
926,16,ZINAPARO
927,16,ALVARO OBREGON
928,16,COPANDARO
929,16,CUITZEO
930,16,CHARO
931,16,HIDALGO
932,16,HUANDACAREO
933,16,INDAPARAPEO
934,16,IRIMBO
935,16,QUERENDARO
936,16,SANTA ANA MAYA
937,16,TARIMBARO
938,16,TZITZIO
939,16,ZINAPECUARO
940,16,ANGAMACUTIRO
941,16,COENEO
942,16,CHARAPAN
943,16,CHERAN
944,16,CHILCHOTA
945,16,CHUCANDIRO
946,16,HUANIQUEO
947,16,JIMENEZ
948,16,JOSE SIXTO VERDUZCO
949,16,MORELOS
950,16,NAHUATZEN
951,16,PANINDICUARO
952,16,PARACHO
953,16,PURUANDIRO
954,16,QUIROGA
955,16,TANGANCICUARO
956,16,ZACAPU
957,16,MORELIA
958,16,NUEVO PARANGARICUTIRO
959,16,TARETAN
960,16,TINGAMBATO
961,16,URUAPAN
962,16,ZIRACUARETIRO
963,16,MORELIA
964,16,ACUITZIO
965,16,CARACUARO
966,16,ERONGARICUARO
967,16,HUETAMO
968,16,HUIRAMBA
969,16,LAGUNILLAS
970,16,MADERO
971,16,NOCUPETARO
972,16,PATZCUARO
973,16,SAN LUCAS
974,16,SALVADOR ESCALANTE
975,16,TACAMBARO
976,16,TIQUICHEO DE NICOLAS ROMERO
977,16,TURICATO
978,16,TZINTZUNTZAN
979,17,CUERNAVACA
980,17,CUERNAVACA
981,17,EMILIANO ZAPATA
982,17,JIUTEPEC
983,17,TEMIXCO
984,17,AXOCHIAPAN
985,17,AYALA
986,17,CUAUTLA
987,17,JANTETELCO
988,17,JONACATEPEC
989,17,TEPALCINGO
990,17,TEMOAC
991,17,AMACUZAC
992,17,COATLAN DEL RIO
993,17,JOJUTLA
994,17,MAZATEPEC
995,17,MIACATLAN
996,17,PUENTE DE IXTLA
997,17,TETECALA
998,17,TLALTIZAPAN DE ZAPATA
999,17,TLAQUILTENANGO
1000,17,XOCHITEPEC
1001,17,ZACATEPEC
1002,17,COATETELCO
1003,17,XOXOCOTLA
1004,17,ATLATLAHUCAN
1005,17,HUITZILAC
1006,17,OCUITUCO
1007,17,TEPOZTLAN
1008,17,TETELA DEL VOLCAN
1009,17,TLALNEPANTLA
1010,17,TLAYACAPAN
1011,17,TOTOLAPAN
1012,17,YAUTEPEC
1013,17,YECAPIXTLA
1014,17,ZACUALPAN DE AMILPAS
1015,17,HUEYAPAN
1016,18,ACAPONETA
1017,18,HUAJICORI
1018,18,DEL NAYAR
1019,18,ROSAMORADA
1020,18,RUIZ
1021,18,SAN BLAS
1022,18,SANTIAGO IXCUINTLA
1023,18,TECUALA
1024,18,TUXPAN
1025,18,TEPIC
1026,18,AHUACATLAN
1027,18,AMATLAN DE CAÑAS
1028,18,BAHIA DE BANDERAS
1029,18,COMPOSTELA
1030,18,IXTLAN DEL RIO
1031,18,JALA
1032,18,SAN PEDRO LAGUNILLAS
1033,18,SANTA MARIA DEL ORO
1034,18,XALISCO
1035,18,LA YESCA
1036,19,SAN PEDRO GARZA GARCIA
1037,19,SANTA CATARINA
1038,19,APODACA
1039,19,GRAL. ESCOBEDO
1040,19,GRAL. ESCOBEDO
1041,19,SAN NICOLAS DE LOS GARZA
1042,19,MONTERREY
1043,19,MONTERREY
1044,19,GARCIA
1045,19,APODACA
1046,19,GUADALUPE
1047,19,ALLENDE
1048,19,ARAMBERRI
1049,19,DR. ARROYO
1050,19,GALEANA
1051,19,GRAL. TERAN
1052,19,GRAL. ZARAGOZA
1053,19,HUALAHUISES
1054,19,ITURBIDE
1055,19,LINARES
1056,19,MIER Y NORIEGA
1057,19,MONTEMORELOS
1058,19,RAYONES
1059,19,SANTIAGO
1060,19,MONTERREY
1061,19,GUADALUPE
1062,19,JUAREZ
1063,19,ABASOLO
1064,19,AGUALEGUAS
1065,19,ANAHUAC
1066,19,BUSTAMANTE
1067,19,CARMEN
1068,19,CIENEGA DE FLORES
1069,19,HIDALGO
1070,19,LAMPAZOS DE NARANJO
1071,19,MINA
1072,19,PARAS
1073,19,SABINAS HIDALGO
1074,19,SALINAS VICTORIA
1075,19,VALLECILLO
1076,19,VILLALDAMA
1077,19,LOS ALDAMAS
1078,19,CADEREYTA JIMENEZ
1079,19,CERRALVO
1080,19,CHINA
1081,19,DR. COSS
1082,19,DR. GONZALEZ
1083,19,GRAL. BRAVO
1084,19,GRAL. TREVIÑO
1085,19,GRAL. ZUAZUA
1086,19,LOS HERRERAS
1087,19,HIGUERAS
1088,19,MARIN
1089,19,MELCHOR OCAMPO
1090,19,PESQUERIA
1091,19,LOS RAMONES
1092,20,ACATLAN DE PEREZ FIGUEROA
1093,20,AYOTZINTEPEC
1094,20,COSOLAPA
1095,20,LOMA BONITA
1096,20,SAN JOSE CHILTEPEC
1097,20,SAN JOSE INDEPENDENCIA
1098,20,SAN JUAN BAUTISTA TUXTEPEC
1099,20,SAN JUAN BAUTISTA VALLE NACIONAL
1100,20,SAN JUAN COMALTEPEC
1101,20,SAN JUAN LALANA
1102,20,SAN LUCAS OJITLAN
1103,20,SAN MIGUEL SOYALTEPEC
1104,20,SAN PEDRO IXCATLAN
1105,20,SANTA MARIA JACATEPEC
1106,20,SANTIAGO CHOAPAM
1107,20,SANTIAGO JOCOTEPEC
1108,20,SANTIAGO YAVEO
1109,20,ASUNCION NOCHIXTLAN
1110,20,CONCEPCION PAPALO
1111,20,CUYAMECALCO VILLA DE ZARAGOZA
1112,20,ELOXOCHITLAN DE FLORES MAGON
1113,20,GUADALUPE ETLA
1114,20,HUAUTEPEC
1115,20,HUAUTLA DE JIMENEZ
1116,20,MAGDALENA APASCO
1117,20,MAZATLAN VILLA DE FLORES
1118,20,NAZARENO ETLA
1119,20,REYES ETLA
1120,20,SAN AGUSTIN ETLA
1121,20,SAN ANDRES TEOTILALPAM
1122,20,SAN ANDRES ZAUTLA
1123,20,SAN ANTONIO NANAHUATIPAM
1124,20,SAN BARTOLOME AYAUTLA
1125,20,SAN FELIPE JALAPA DE DIAZ
1126,20,SAN FELIPE USILA
1127,20,SAN FRANCISCO CHAPULAPA
1128,20,SAN FRANCISCO HUEHUETLAN
1129,20,SAN FRANCISCO TELIXTLAHUACA
1130,20,SAN JERONIMO SOSOLA
1131,20,SAN JERONIMO TECOATL
1132,20,SAN JOSE TENANGO
1133,20,SAN JUAN BAUTISTA ATATLAHUCA
1134,20,SAN JUAN BAUTISTA CUICATLAN
1135,20,SAN JUAN BAUTISTA GUELACHE
1136,20,SAN JUAN BAUTISTA JAYACATLAN
1137,20,SAN JUAN BAUTISTA TLACOATZINTEPEC
1138,20,CHIQUIHUITLAN DE BENITO JUAREZ
1139,20,SAN JUAN COATZOSPAM
1140,20,SAN JUAN DE LOS CUES
1141,20,SAN JUAN DEL ESTADO
1142,20,SAN JUAN QUIOTEPEC
1143,20,SAN JUAN TEPEUXILA
1144,20,SAN LORENZO CACAOTEPEC
1145,20,SAN LORENZO CUAUNECUILTITLA
1146,20,SAN LUCAS ZOQUIAPAM
1147,20,SAN MARTIN TOXPALAN
1148,20,SAN MATEO YOLOXOCHITLAN
1149,20,SAN MIGUEL CHICAHUA
1150,20,SAN MIGUEL HUAUTLA
1151,20,SAN MIGUEL SANTA FLOR
1152,20,SAN PABLO HUITZO
1153,20,SAN PEDRO COXCALTEPEC CANTAROS
1154,20,SAN PEDRO JALTEPETONGO
1155,20,SAN PEDRO JOCOTIPAC
1156,20,SAN PEDRO OCOPETATILLO
1157,20,SAN PEDRO SOCHIAPAM
1158,20,SAN PEDRO TEUTILA
1159,20,SANTA ANA ATEIXTLAHUACA
1160,20,SANTA ANA CUAUHTEMOC
1161,20,SANTA CRUZ ACATEPEC
1162,20,SANTA MARIA APAZCO
1163,20,SANTA MARIA LA ASUNCION
1164,20,SANTA MARIA CHILCHOTLA
1165,20,SANTA MARIA IXCATLAN
1166,20,SANTA MARIA PAPALO
1167,20,SANTA MARIA TECOMAVACA
1168,20,SANTA MARIA TEOPOXCO
1169,20,SANTA MARIA TEXCATITLAN
1170,20,SANTA MARIA TLALIXTAC
1171,20,SANTIAGO APOALA
1172,20,SANTIAGO HUAUCLILLA
1173,20,SANTIAGO NACALTEPEC
1174,20,SANTIAGO SUCHILQUITONGO
1175,20,SANTIAGO TENANGO
1176,20,SANTIAGO TEXCALCINGO
1177,20,SANTO TOMAS MAZALTEPEC
1178,20,SANTOS REYES PAPALO
1179,20,SOLEDAD ETLA
1180,20,TEOTITLAN DE FLORES MAGON
1181,20,VALERIO TRUJANO
1182,20,VILLA DE ETLA
1183,20,ASUNCION CUYOTEPEJI
1184,20,ASUNCION NOCHIXTLAN
1185,20,CIENEGA DE ZIMATLAN
1186,20,CONCEPCION BUENAVISTA
1187,20,COSOLTEPEC
1188,20,CUILAPAM DE GUERRERO
1189,20,FRESNILLO DE TRUJANO
1190,20,HEROICA CIUDAD DE HUAJUAPAN DE LEON
1191,20,MAGDALENA JALTEPEC
1192,20,MAGDALENA YODOCONO DE PORFIRIO DIAZ
1193,20,MAGDALENA ZAHUATLAN
1194,20,SAN ANDRES DINICUITI
1195,20,SAN ANDRES IXTLAHUACA
1196,20,SAN ANDRES LAGUNAS
1197,20,SAN ANDRES NUXIÑO
1198,20,SAN ANDRES SINAXTLA
1199,20,SAN ANTONINO EL ALTO
1200,20,SAN ANTONIO ACUTLA
1201,20,SAN ANTONIO DE LA CAL
1202,20,SAN ANTONIO HUITEPEC
1203,20,SAN BARTOLO COYOTEPEC
1204,20,SAN BARTOLO SOYALTEPEC
1205,20,SAN CRISTOBAL SUCHIXTLAHUACA
1206,20,SAN FELIPE TEJALAPAM
1207,20,SAN FRANCISCO CHINDUA
1208,20,SAN FRANCISCO JALTEPETONGO
1209,20,SAN FRANCISCO NUXAÑO
1210,20,SAN FRANCISCO TEOPAN
1211,20,SAN JERONIMO SILACAYOAPILLA
1212,20,SAN JOSE AYUQUILA
1213,20,SAN JUAN BAUTISTA COIXTLAHUACA
1214,20,SAN JUAN BAUTISTA SUCHITEPEC
1215,20,SAN JUAN DIUXI
1216,20,SAN JUAN SAYULTEPEC
1217,20,SAN JUAN TAMAZOLA
1218,20,SAN JUAN TEPOSCOLULA
1219,20,SAN JUAN YUCUITA
1220,20,SAN MARCOS ARTEAGA
1221,20,SAN MATEO ETLATONGO
1222,20,SAN MATEO SINDIHUI
1223,20,SAN MATEO TLAPILTEPEC
1224,20,SAN MIGUEL AMATITLAN
1225,20,SAN MIGUEL PERAS
1226,20,SAN MIGUEL PIEDRAS
1227,20,SAN MIGUEL TECOMATLAN
1228,20,SAN MIGUEL TEQUIXTEPEC
1229,20,SAN MIGUEL TULANCINGO
1230,20,SAN PABLO CUATRO VENADOS
1231,20,SAN PEDRO IXTLAHUACA
1232,20,SAN PEDRO NOPALA
1233,20,SAN PEDRO TEOZACOALCO
1234,20,SAN PEDRO TIDAA
1235,20,SAN PEDRO TOPILTEPEC
1236,20,SAN PEDRO Y SAN PABLO TEPOSCOLULA
1237,20,SAN PEDRO Y SAN PABLO TEQUIXTEPEC
1238,20,SAN PEDRO YUCUNAMA
1239,20,SAN RAYMUNDO JALPAN
1240,20,SAN SIMON ZAHUATLAN
1241,20,SAN VICENTE NUÑU
1242,20,SANTA CATARINA QUIANE
1243,20,SANTA CATARINA ZAPOQUILA
1244,20,SANTA CRUZ XOXOCOTLAN
1245,20,SANTA INES DEL MONTE
1246,20,SANTA INES DE ZARAGOZA
1247,20,SANTA MAGDALENA JICOTLAN
1248,20,SANTA MARIA CAMOTLAN
1249,20,SANTA MARIA CHACHOAPAM
1250,20,VILLA DE CHILAPA DE DIAZ
1251,20,SANTA MARIA NATIVITAS
1252,20,SANTA MARIA NDUAYACO
1253,20,SANTA MARIA PEÑOLES
1254,20,SANTIAGO AYUQUILILLA
1255,20,SANTIAGO CACALOXTEPEC
1256,20,SANTIAGO CHAZUMBA
1257,20,SANTIAGO HUAJOLOTITLAN
1258,20,SANTIAGO IHUITLAN PLUMAS
1259,20,SANTIAGO MILTEPEC
1260,20,SANTIAGO NEJAPILLA
1261,20,SANTIAGO TEPETLAPA
1262,20,SANTIAGO TILANTONGO
1263,20,SANTIAGO TILLO
1264,20,SANTIAGO TLAZOYALTEPEC
1265,20,SANTIAGO YOLOMECATL
1266,20,SANTO DOMINGO NUXAA
1267,20,SANTO DOMINGO TLATAYAPAM
1268,20,SANTO DOMINGO TONALTEPEC
1269,20,SANTO DOMINGO YANHUITLAN
1270,20,SANTO DOMINGO YODOHINO
1271,20,VILLA DE TAMAZULAPAM DEL PROGRESO
1272,20,VILLA TEJUPAM DE LA UNION
1273,20,TEOTONGO
1274,20,TEPELMEME VILLA DE MORELOS
1275,20,TLACOTEPEC PLUMAS
1276,20,TRINIDAD ZAACHILA
1277,20,LA TRINIDAD VISTA HERMOSA
1278,20,YUTANDUCHI DE GUERRERO
1279,20,VILLA DE ZAACHILA
1280,20,ZAPOTITLAN PALMAS
1281,20,ABEJONES
1282,20,ANIMAS TRUJANO
1283,20,ASUNCION CACALOTEPEC
1284,20,ASUNCION OCOTLAN
1285,20,GUELATAO DE JUAREZ
1286,20,IXTLAN DE JUAREZ
1287,20,MAGDALENA TEITIPAC
1288,20,MATIAS ROMERO AVENDAÑO
1289,20,MIXISTLAN DE LA REFORMA
1290,20,NATIVIDAD
1291,20,NUEVO ZOQUIAPAM
1292,20,OCOTLAN DE MORELOS
1293,20,ROJAS DE CUAUHTEMOC
1294,20,SAN AGUSTIN DE LAS JUNTAS
1295,20,SAN ANDRES HUAYAPAM
1296,20,SAN ANDRES SOLAGA
1297,20,SAN ANDRES YAA
1298,20,SAN ANTONINO CASTILLO VELASCO
1299,20,SAN BALTAZAR CHICHICAPAM
1300,20,SAN BALTAZAR YATZACHI EL BAJO
1301,20,SAN BARTOLOME QUIALANA
1302,20,SAN BARTOLOME ZOOGOCHO
1303,20,SAN CRISTOBAL LACHIRIOAG
1304,20,SAN DIONISIO OCOTEPEC
1305,20,SAN DIONISIO OCOTLAN
1306,20,SAN FRANCISCO CAJONOS
1307,20,SAN FRANCISCO LACHIGOLO
1308,20,SAN ILDEFONSO VILLA ALTA
1309,20,SAN JERONIMO TAVICHE
1310,20,SAN JERONIMO TLACOCHAHUAYA
1311,20,SAN JUAN ATEPEC
1312,20,SAN JUAN CHICOMEZUCHIL
1313,20,SAN JUAN CHILATECA
1314,20,SAN JUAN COTZOCON
1315,20,SAN JUAN DEL RIO
1316,20,SAN JUAN EVANGELISTA ANALCO
1317,20,SAN JUAN GUELAVIA
1318,20,SAN JUAN GUICHICOVI
1319,20,SAN JUAN JUQUILA MIXES
1320,20,SAN JUAN JUQUILA VIJANOS
1321,20,SAN JUAN MAZATLAN
1322,20,SAN JUAN PETLAPA
1323,20,SAN JUAN TABAA
1324,20,SAN JUAN TEITIPAC
1325,20,SAN JUAN YAEE
1326,20,SAN JUAN YATZONA
1327,20,SAN LORENZO ALBARRADAS
1328,20,SAN LUCAS CAMOTLAN
1329,20,SAN LUCAS QUIAVINI
1330,20,SAN MARTIN TILCAJETE
1331,20,SAN MATEO CAJONOS
1332,20,SAN MELCHOR BETAZA
1333,20,SAN MIGUEL ALOAPAM
1334,20,SAN MIGUEL AMATLAN
1335,20,SAN MIGUEL DEL RIO
1336,20,SAN MIGUEL QUETZALTEPEC
1337,20,VILLA TALEA DE CASTRO
1338,20,SAN MIGUEL TILQUIAPAM
1339,20,SAN MIGUEL YOTAO
1340,20,SAN PABLO MACUILTIANGUIS
1341,20,SAN PABLO VILLA DE MITLA
1342,20,SAN PABLO YAGANIZA
1343,20,SAN PEDRO APOSTOL
1344,20,SAN PEDRO CAJONOS
1345,20,SAN PEDRO MARTIR
1346,20,SAN PEDRO OCOTEPEC
1347,20,SAN PEDRO Y SAN PABLO AYUTLA
1348,20,SAN PEDRO YANERI
1349,20,SAN PEDRO YOLOX
1350,20,SAN SEBASTIAN ABASOLO
1351,20,SAN SEBASTIAN TEITIPAC
1352,20,SANTA ANA DEL VALLE
1353,20,SANTA ANA YARENI
1354,20,SANTA ANA ZEGACHE
1355,20,SANTA CATARINA IXTEPEJI
1356,20,SANTA CATARINA LACHATAO
1357,20,SANTA CATARINA MINAS
1358,20,SANTA CRUZ PAPALUTLA
1359,20,SANTA INES YATZECHE
1360,20,SANTA LUCIA OCOTLAN
1361,20,SANTA MARIA ALOTEPEC
1362,20,SANTA MARIA COYOTEPEC
1363,20,SANTA MARIA DEL TULE
1364,20,SANTA MARIA GUELACE
1365,20,SANTA MARIA JALTIANGUIS
1366,20,SANTA MARIA TEMAXCALAPA
1367,20,SANTA MARIA TEPANTLALI
1368,20,SANTA MARIA TLAHUITOLTEPEC
1369,20,SANTA MARIA YALINA
1370,20,SANTA MARIA YAVESIA
1371,20,SANTA MARIA ZOQUITLAN
1372,20,SANTIAGO APOSTOL
1373,20,SANTIAGO ATITLAN
1374,20,SANTIAGO CAMOTLAN
1375,20,SANTIAGO COMALTEPEC
1376,20,SANTIAGO IXCUINTEPEC
1377,20,SANTIAGO LALOPA
1378,20,SANTIAGO LAXOPA
1379,20,SANTIAGO MATATLAN
1380,20,SANTIAGO XIACUI
1381,20,SANTIAGO ZACATEPEC
1382,20,SANTIAGO ZOOCHILA
1383,20,SANTO DOMINGO ALBARRADAS
1384,20,SANTO DOMINGO ROAYAGA
1385,20,SANTO DOMINGO TEPUXTEPEC
1386,20,SANTO DOMINGO TOMALTEPEC
1387,20,SANTO DOMINGO XAGACIA
1388,20,SANTO TOMAS JALIEZA
1389,20,TAMAZULAPAM DEL ESPIRITU SANTO
1390,20,TANETZE DE ZARAGOZA
1391,20,TEOCOCUILCO DE MARCOS PEREZ
1392,20,TEOTITLAN DEL VALLE
1393,20,TLACOLULA DE MATAMOROS
1394,20,TLALIXTAC DE CABRERA
1395,20,TOTONTEPEC VILLA DE MORELOS
1396,20,CAPULALPAM DE MENDEZ
1397,20,VILLA DIAZ ORDAZ
1398,20,VILLA HIDALGO YALALAG
1399,20,YAXE
1400,20,ASUNCION TLACOLULITA
1401,20,GUEVEA DE HUMBOLDT
1402,20,MAGDALENA TEQUISISTLAN
1403,20,MAGDALENA TLACOTEPEC
1404,20,NEJAPA DE MADERO
1405,20,SALINA CRUZ
1406,20,SAN BARTOLO YAUTEPEC
1407,20,HEROICA VILLA DE SAN BLAS ATEMPA
1408,20,SAN CARLOS YAUTEPEC
1409,20,SAN JUAN LAJARCIA
1410,20,SAN MATEO DEL MAR
1411,20,SAN MIGUEL DEL PUERTO
1412,20,SAN MIGUEL TENANGO
1413,20,SAN PEDRO COMITANCILLO
1414,20,SAN PEDRO HUAMELULA
1415,20,SAN PEDRO HUILOTEPEC
1416,20,SAN PEDRO QUIATONI
1417,20,SAN PEDRO TOTOLAPAM
1418,20,SANTA ANA TAVELA
1419,20,SANTA MARIA ECATEPEC
1420,20,SANTA MARIA GUIENAGATI
1421,20,SANTA MARIA HUATULCO
1422,20,SANTA MARIA JALAPA DEL MARQUES
1423,20,SANTA MARIA MIXTEQUILLA
1424,20,SANTA MARIA QUIEGOLANI
1425,20,SANTA MARIA TOTOLAPILLA
1426,20,SANTA MARIA XADANI
1427,20,SANTIAGO ASTATA
1428,20,SANTIAGO LACHIGUIRI
1429,20,SANTIAGO LAOLLAGA
1430,20,SANTIAGO XANICA
1431,20,SANTO DOMINGO TEHUANTEPEC
1432,20,CALIHUALA
1433,20,CHALCATONGO DE HIDALGO
1434,20,COICOYAN DE LAS FLORES
1435,20,CONSTANCIA DEL ROSARIO
1436,20,GUADALUPE DE RAMIREZ
1437,20,MESONES HIDALGO
1438,20,IXPANTEPEC NIEVES
1439,20,MAGDALENA PEÑASCO
1440,20,MARISCALA DE JUAREZ
1441,20,PUTLA VILLA DE GUERRERO
1442,20,SAN AGUSTIN ATENANGO
1443,20,SAN AGUSTIN TLACOTEPEC
1444,20,SAN ANDRES CABECERA NUEVA
1445,20,SAN ANDRES TEPETLAPA
1446,20,SAN ANTONINO MONTE VERDE
1447,20,SAN ANTONIO SINICAHUA
1448,20,SAN BARTOLOME YUCUAÑE
1449,20,SAN CRISTOBAL AMOLTEPEC
1450,20,SAN ESTEBAN ATATLAHUCA
1451,20,SAN FRANCISCO CAHUACUA
1452,20,SAN FRANCISCO TLAPANCINGO
1453,20,SAN JORGE NUCHITA
1454,20,SAN JUAN ACHIUTLA
1455,20,SAN JUAN BAUTISTA TLACHICHILCO
1456,20,SAN JUAN CIENEGUILLA
1457,20,SAN JUAN IHUALTEPEC
1458,20,SAN JUAN MIXTEPEC
1459,20,SAN JUAN ÑUMI
1460,20,SAN JUAN TEITA
1461,20,SAN LORENZO TEXMELUCAN
1462,20,SAN LORENZO VICTORIA
1463,20,SAN MARCOS ARTEAGA
1464,20,SAN MARTIN HUAMELULPAM
1465,20,SAN MARTIN ITUNYOSO
1466,20,SAN MARTIN PERAS
1467,20,SAN MARTIN ZACATEPEC
1468,20,SAN MATEO NEJAPAM
1469,20,SAN MATEO PEÑASCO
1470,20,SAN MIGUEL ACHIUTLA
1471,20,SAN MIGUEL AHUEHUETITLAN
1472,20,SAN MIGUEL EL GRANDE
1473,20,SAN MIGUEL TLACOTEPEC
1474,20,SAN NICOLAS HIDALGO
1475,20,SAN PABLO TIJALTEPEC
1476,20,SAN PEDRO MARTIR YUCUXACO
1477,20,SAN PEDRO MOLINOS
1478,20,SAN SEBASTIAN NICANANDUTA
1479,20,SAN SEBASTIAN TECOMAXTLAHUACA
1480,20,SANTA CATARINA TAYATA
1481,20,SANTA CATARINA TICUA
1482,20,SANTA CATARINA YOSONOTU
1483,20,SANTA CRUZ DE BRAVO
1484,20,SANTA CRUZ ITUNDUJIA
1485,20,SANTA CRUZ NUNDACO
1486,20,SANTA CRUZ TACACHE DE MINA
1487,20,SANTA CRUZ TACAHUA
1488,20,SANTA CRUZ TAYATA
1489,20,SANTA LUCIA MONTEVERDE
1490,20,SANTA MARIA DEL ROSARIO
1491,20,SANTA MARIA TATALTEPEC
1492,20,SANTA MARIA YOLOTEPEC
1493,20,SANTA MARIA YOSOYUA
1494,20,SANTA MARIA YUCUHITI
1495,20,SANTA MARIA ZACATEPEC
1496,20,SANTA MARIA ZANIZA
1497,20,SANTIAGO AMOLTEPEC
1498,20,SANTIAGO DEL RIO
1499,20,SANTIAGO JUXTLAHUACA
1500,20,SANTIAGO NUNDICHE
1501,20,SANTIAGO NUYOO
1502,20,SANTIAGO TAMAZOLA
1503,20,SANTIAGO TEXTITLAN
1504,20,SANTIAGO YOSONDUA
1505,20,SANTIAGO YUCUYACHI
1506,20,SANTO DOMINGO IXCATLAN
1507,20,SANTO DOMINGO TEOJOMULCO
1508,20,SANTO DOMINGO TONALA
1509,20,SANTO TOMAS OCOTEPEC
1510,20,SANTOS REYES TEPEJILLO
1511,20,SANTOS REYES YUCUNA
1512,20,SILACAYOAPAM
1513,20,H VILLA TEZOATLAN SEGURA Y LUNA CUNA IND OAX
1514,20,HEROICA CIUDAD DE TLAXIACO
1515,20,SAN MATEO YUCUTINDOO
1516,20,ZAPOTITLAN LAGUNAS
1517,20,ASUNCION IXTALTEPEC
1518,20,EL BARRIO DE LA SOLEDAD
1519,20,CHAHUITES
1520,20,EL ESPINAL
1521,20,CIUDAD IXTEPEC
1522,20,HEROICA CIUDAD DE JUCHITAN DE ZARAGOZA
1523,20,MATIAS ROMERO AVENDAÑO
1524,20,REFORMA DE PINEDA
1525,20,SAN DIONISIO DEL MAR
1526,20,SAN FRANCISCO DEL MAR
1527,20,SAN FRANCISCO IXHUATAN
1528,20,SAN JUAN GUICHICOVI
1529,20,SAN MIGUEL CHIMALAPA
1530,20,SAN PEDRO TAPANATEPEC
1531,20,SANTA MARIA CHIMALAPA
1532,20,SANTA MARIA PETAPA
1533,20,SANTIAGO NILTEPEC
1534,20,SANTO DOMINGO CHIHUITAN
1535,20,SANTO DOMINGO INGENIO
1536,20,SANTO DOMINGO PETAPA
1537,20,SANTO DOMINGO ZANATEPEC
1538,20,UNION HIDALGO
1539,20,OAXACA DE JUAREZ
1540,20,SAN AGUSTIN YATARENI
1541,20,SAN JACINTO AMILPAS
1542,20,SAN PABLO ETLA
1543,20,SAN SEBASTIAN TUTLA
1544,20,SANTA CRUZ AMILPAS
1545,20,SANTA LUCIA DEL CAMINO
1546,20,SANTA MARIA ATZOMPA
1547,20,MARTIRES DE TACUBAYA
1548,20,PINOTEPA DE DON LUIS
1549,20,LA REFORMA
1550,20,SAN AGUSTIN CHAYUCO
1551,20,SAN ANDRES HUAXPALTEPEC
1552,20,SAN ANTONIO TEPETLAPA
1553,20,SAN GABRIEL MIXTEPEC
1554,20,SAN JACINTO TLACOTEPEC
1555,20,SAN JOSE ESTANCIA GRANDE
1556,20,SAN JUAN BAUTISTA LO DE SOTO
1557,20,SAN JUAN CACAHUATEPEC
1558,20,SAN JUAN COLORADO
1559,20,SAN JUAN LACHAO
1560,20,SAN JUAN QUIAHIJE
1561,20,SAN LORENZO
1562,20,SAN MIGUEL PANIXTLAHUACA
1563,20,SAN MIGUEL TLACAMAMA
1564,20,SAN PEDRO AMUZGOS
1565,20,SAN PEDRO ATOYAC
1566,20,SAN PEDRO JICAYAN
1567,20,SAN PEDRO JUCHATENGO
1568,20,SAN PEDRO MIXTEPEC
1569,20,VILLA DE TUTUTEPEC
1570,20,SAN SEBASTIAN IXCAPA
1571,20,SANTA CATARINA JUQUILA
1572,20,SANTA CATARINA MECHOACAN
1573,20,SANTA CRUZ ZENZONTEPEC
1574,20,SANTA MARIA CORTIJO
1575,20,SANTA MARIA HUAZOLOTITLAN
1576,20,SANTA MARIA IPALAPA
1577,20,SANTA MARIA TEMAXCALTEPEC
1578,20,SANTIAGO IXTAYUTLA
1579,20,SANTIAGO JAMILTEPEC
1580,20,SANTIAGO LLANO GRANDE
1581,20,SANTIAGO MINAS
1582,20,SANTIAGO PINOTEPA NACIONAL
1583,20,SANTIAGO TAPEXTLA
1584,20,SANTIAGO TETEPEC
1585,20,SANTIAGO YAITEPEC
1586,20,SANTO DOMINGO ARMENTA
1587,20,SANTOS REYES NOPALA
1588,20,TATALTEPEC DE VALDES
1589,20,AYOQUEZCO DE ALDAMA
1590,20,CANDELARIA LOXICHA
1591,20,COATECAS ALTAS
1592,20,LA COMPAÑIA
1593,20,HEROICA CIUDAD DE EJUTLA DE CRESPO
1594,20,MAGDALENA MIXTEPEC
1595,20,MAGDALENA OCOTLAN
1596,20,MIAHUATLAN DE PORFIRIO DIAZ
1597,20,MONJAS
1598,20,LA PE
1599,20,PLUMA HIDALGO
1600,20,SAN AGUSTIN AMATENGO
1601,20,SAN AGUSTIN LOXICHA
1602,20,SAN ANDRES PAXTLAN
1603,20,SAN ANDRES ZABACHE
1604,20,SAN BALTAZAR LOXICHA
1605,20,SAN BARTOLOME LOXICHA
1606,20,SAN BERNARDO MIXTEPEC
1607,20,SAN CRISTOBAL AMATLAN
1608,20,SAN FRANCISCO LOGUECHE
1609,20,SAN FRANCISCO OZOLOTEPEC
1610,20,SAN FRANCISCO SOLA
1611,20,SAN ILDEFONSO AMATLAN
1612,20,SAN ILDEFONSO SOLA
1613,20,SAN JERONIMO COATLAN
1614,20,SAN JOSE DEL PEÑASCO
1615,20,SAN JOSE LACHIGUIRI
1616,20,SAN JOSE DEL PROGRESO
1617,20,SAN JUAN LACHIGALLA
1618,20,SAN JUAN MIXTEPEC
1619,20,SAN JUAN OZOLOTEPEC
1620,20,SAN LUIS AMATLAN
1621,20,SAN MARCIAL OZOLOTEPEC
1622,20,SAN MARTIN DE LOS CANSECOS
1623,20,SAN MARTIN LACHILA
1624,20,SAN MATEO PIÑAS
1625,20,SAN MATEO RIO HONDO
1626,20,SAN MIGUEL COATLAN
1627,20,SAN MIGUEL EJUTLA
1628,20,SAN MIGUEL MIXTEPEC
1629,20,SAN MIGUEL SUCHIXTEPEC
1630,20,SAN NICOLAS
1631,20,SAN PABLO COATLAN
1632,20,SAN PABLO HUIXTEPEC
1633,20,SAN PEDRO EL ALTO
1634,20,SAN PEDRO MARTIR QUIECHAPA
1635,20,SAN PEDRO MIXTEPEC
1636,20,SAN PEDRO POCHUTLA
1637,20,SAN PEDRO TAVICHE
1638,20,SAN SEBASTIAN COATLAN
1639,20,SAN SEBASTIAN RIO HONDO
1640,20,SAN SIMON ALMOLONGAS
1641,20,SAN VICENTE COATLAN
1642,20,SAN VICENTE LACHIXIO
1643,20,SANTA ANA
1644,20,SANTA ANA TLAPACOYAN
1645,20,SANTA CATALINA QUIERI
1646,20,SANTA CATARINA CUIXTLA
1647,20,SANTA CATARINA LOXICHA
1648,20,SANTA CATARINA QUIOQUITANI
1649,20,SANTA CRUZ MIXTEPEC
1650,20,SANTA CRUZ XITLA
1651,20,SANTA GERTRUDIS
1652,20,SANTA LUCIA MIAHUATLAN
1653,20,SANTA MARIA COLOTEPEC
1654,20,SANTA MARIA LACHIXIO
1655,20,SANTA MARIA OZOLOTEPEC
1656,20,SANTA MARIA SOLA
1657,20,SANTA MARIA TONAMECA
1658,20,SANTO DOMINGO DE MORELOS
1659,20,SANTO DOMINGO OZOLOTEPEC
1660,20,SANTO TOMAS TAMAZULAPAN
1661,20,SITIO DE XITLAPEHUA
1662,20,VILLA SOLA DE VEGA
1663,20,TANICHE
1664,20,YOGANA
1665,20,ZIMATLAN DE ALVAREZ
1666,21,CHICONCUAUTLA
1667,21,HONEY
1668,21,FRANCISCO Z. MENA
1669,21,HUAUCHINANGO
1670,21,JALPAN
1671,21,JOPALA
1672,21,JUAN GALINDO
1673,21,NAUPAN
1674,21,PAHUATLAN
1675,21,PANTEPEC
1676,21,TLACUILOTEPEC
1677,21,TLAOLA
1678,21,TLAPACOYA
1679,21,TLAXCO
1680,21,VENUSTIANO CARRANZA
1681,21,XICOTEPEC
1682,21,ZIHUATEUTLA
1683,21,AHUACATLAN
1684,21,AHUAZOTEPEC
1685,21,AMIXTLAN
1686,21,AQUIXTLA
1687,21,CAMOCUAUTLA
1688,21,CAXHUACAN
1689,21,COATEPEC
1690,21,CUAUTEMPAN
1691,21,CHIGNAHUAPAN
1692,21,HERMENEGILDO GALEANA
1693,21,HUEHUETLA
1694,21,HUEYTLALPAN
1695,21,HUITZILAN DE SERDAN
1696,21,ATLEQUIZAYAN
1697,21,IXTACAMAXTITLAN
1698,21,IXTEPEC
1699,21,OLINTLA
1700,21,SAN FELIPE TEPATLAN
1701,21,TEPANGO DE RODRIGUEZ
1702,21,TEPETZINTLA
1703,21,TETELA DE OCAMPO
1704,21,XOCHIAPULCO
1705,21,XOCHITLAN DE VICENTE SUAREZ
1706,21,ZACATLAN
1707,21,ZAPOTITLAN DE MENDEZ
1708,21,ZAUTLA
1709,21,ZONGOZOTLA
1710,21,ACATENO
1711,21,ATEMPAN
1712,21,AYOTOXCO DE GUERRERO
1713,21,CUETZALAN DEL PROGRESO
1714,21,HUEYAPAN
1715,21,HUEYTAMALCO
1716,21,JONOTLA
1717,21,NAUZONTLA
1718,21,TENAMPULCO
1719,21,TETELES DE AVILA CASTILLO
1720,21,TEZIUTLAN
1721,21,TLATLAUQUITEPEC
1722,21,TUZAMAPAN DE GALEANA
1723,21,YAONAHUAC
1724,21,ZACAPOAXTLA
1725,21,ZARAGOZA
1726,21,ZOQUIAPAN
1727,21,CUYOACO
1728,21,CHICHIQUILA
1729,21,CHIGNAUTLA
1730,21,CHILCHOTLA
1731,21,GUADALUPE VICTORIA
1732,21,LAFRAGUA
1733,21,LIBRES
1734,21,MAZAPILTEPEC DE JUAREZ
1735,21,NOPALUCAN
1736,21,OCOTEPEC
1737,21,ORIENTAL
1738,21,QUIMIXTLAN
1739,21,RAFAEL LARA GRAJALES
1740,21,SAN JOSE CHIAPA
1741,21,SAN NICOLAS BUENOS AIRES
1742,21,SAN SALVADOR EL SECO
1743,21,SOLTEPEC
1744,21,TEPEYAHUALCO
1745,21,TLACHICHUCA
1746,21,XIUTETELCO
1747,21,CHIAUTZINGO
1748,21,DOMINGO ARENAS
1749,21,HUEJOTZINGO
1750,21,SAN FELIPE TEOTLALCINGO
1751,21,SAN MARTIN TEXMELUCAN
1752,21,SAN MATIAS TLALANCALECA
1753,21,SAN MIGUEL XOXTLA
1754,21,SAN NICOLAS DE LOS RANCHOS
1755,21,SAN SALVADOR EL VERDE
1756,21,TLAHUAPAN
1757,21,TLALTENANGO
1758,21,PUEBLA
1759,21,ACAJETE
1760,21,AMOZOC
1761,21,ATOYATEMPAN
1762,21,CUAPIAXTLA DE MADERO
1763,21,CUAUTINCHAN
1764,21,MIXTLA
1765,21,PUEBLA
1766,21,LOS REYES DE JUAREZ
1767,21,SANTO TOMAS HUEYOTLIPAN
1768,21,TECALI DE HERRERA
1769,21,TEPATLAXCO DE HIDALGO
1770,21,TEPEACA
1771,21,TLANEPANTLA
1772,21,TZICATLACOYAN
1773,21,ACATZINGO
1774,21,ALJOJUCA
1775,21,ATZITZINTLA
1776,21,CHALCHICOMULA DE SESMA
1777,21,ESPERANZA
1778,21,GENERAL FELIPE ANGELES
1779,21,PALMAR DE BRAVO
1780,21,QUECHOLAC
1781,21,SAN JUAN ATENCO
1782,21,SAN SALVADOR HUIXCOLOTLA
1783,21,TECAMACHALCO
1784,21,YEHUALTEPEC
1785,21,CUAUTLANCINGO
1786,21,PUEBLA
1787,21,CUAUTLANCINGO
1788,21,SAN ANDRES CHOLULA
1789,21,SAN GREGORIO ATZOMPA
1790,21,SAN JERONIMO TECUANIPAN
1791,21,SAN PEDRO CHOLULA
1792,21,PUEBLA
1793,21,PUEBLA
1794,21,ACTEOPAN
1795,21,ATLIXCO
1796,21,ATZITZIHUACAN
1797,21,CALPAN
1798,21,COHUECAN
1799,21,CORONANGO
1800,21,HUAQUECHULA
1801,21,JUAN C. BONILLA
1802,21,NEALTICAN
1803,21,SANTA ISABEL CHOLULA
1804,21,TEPEMAXALCO
1805,21,TEPEXCO
1806,21,TIANGUISMANALCO
1807,21,TILAPA
1808,21,TLAPANALA
1809,21,TOCHIMILCO
1810,21,ACATLAN
1811,21,AHUATLAN
1812,21,AHUEHUETITLA
1813,21,ALBINO ZERTUCHE
1814,21,ATZALA
1815,21,AXUTLA
1816,21,COATZINGO
1817,21,COHETZALA
1818,21,CUAYUCA DE ANDRADE
1819,21,CHIAUTLA
1820,21,CHIETLA
1821,21,CHIGMECATITLAN
1822,21,CHILA
1823,21,CHILA DE LA SAL
1824,21,CHINANTLA
1825,21,EPATLAN
1826,21,GUADALUPE
1827,21,HUATLATLAUCA
1828,21,HUEHUETLAN EL CHICO
1829,21,HUEHUETLAN EL GRANDE
1830,21,IXCAMILPA DE GUERRERO
1831,21,IZUCAR DE MATAMOROS
1832,21,JOLALPAN
1833,21,LA MAGDALENA TLATLAUQUITEPEC
1834,21,OCOYUCAN
1835,21,PETLALCINGO
1836,21,PIAXTLA
1837,21,SAN DIEGO LA MESA TOCHIMILTZINGO
1838,21,SAN JERONIMO XAYACATLAN
1839,21,SAN JUAN ATZOMPA
1840,21,SAN MARTIN TOTOLTEPEC
1841,21,SAN MIGUEL IXITLAN
1842,21,SAN PABLO ANICANO
1843,21,SAN PEDRO YELOIXTLAHUACA
1844,21,SANTA CATARINA TLALTEMPAN
1845,21,SANTA INES AHUATEMPAN
1846,21,TECOMATLAN
1847,21,TEHUITZINGO
1848,21,TEOPANTLAN
1849,21,TEOTLALCO
1850,21,TEPEOJUMA
1851,21,TOTOLTEPEC DE GUERRERO
1852,21,TULCINGO
1853,21,XAYACATLAN DE BRAVO
1854,21,XICOTLAN
1855,21,XOCHILTEPEC
1856,21,ZACAPALA
1857,21,CAÑADA MORELOS
1858,21,CHAPULCO
1859,21,NICOLAS BRAVO
1860,21,SANTIAGO MIAHUATLAN
1861,21,TEHUACAN
1862,21,TEPANCO DE LOPEZ
1863,21,AJALPAN
1864,21,ALTEPEXI
1865,21,ATEXCAL
1866,21,CALTEPEC
1867,21,COXCATLAN
1868,21,COYOMEAPAN
1869,21,COYOTEPEC
1870,21,ELOXOCHITLAN
1871,21,HUITZILTEPEC
1872,21,IXCAQUIXTLA
1873,21,JUAN N. MENDEZ
1874,21,MOLCAXAC
1875,21,SAN ANTONIO CAÑADA
1876,21,SAN GABRIEL CHILAC
1877,21,SAN JOSE MIAHUATLAN
1878,21,TEPEXI DE RODRIGUEZ
1879,21,TEPEYAHUALCO DE CUAUHTEMOC
1880,21,TLACOTEPEC DE BENITO JUAREZ
1881,21,SAN SEBASTIAN TLACOTEPEC
1882,21,TOCHTEPEC
1883,21,VICENTE GUERRERO
1884,21,XOCHITLAN TODOS SANTOS
1885,21,ZAPOTITLAN
1886,21,ZINACATEPEC
1887,21,ZOQUITLAN
1888,22,ARROYO SECO
1889,22,CADEREYTA DE MONTES
1890,22,COLON
1891,22,EZEQUIEL MONTES
1892,22,JALPAN DE SERRA
1893,22,LANDA DE MATAMOROS
1894,22,PEÑAMILLER
1895,22,PINAL DE AMOLES
1896,22,SAN JOAQUIN
1897,22,TEQUISQUIAPAN
1898,22,TOLIMAN
1899,22,AMEALCO DE BONFIL
1900,22,SAN JUAN DEL RIO
1901,22,QUERETARO
1902,22,CORREGIDORA
1903,22,QUERETARO
1904,22,HUIMILPAN
1905,22,EL MARQUES
1906,22,PEDRO ESCOBEDO
1907,22,QUERETARO
1908,23,COZUMEL
1909,23,LAZARO CARDENAS
1910,23,SOLIDARIDAD
1911,23,PUERTO MORELOS
1912,23,FELIPE CARRILLO PUERTO
1913,23,JOSE MARIA MORELOS
1914,23,OTHON P. BLANCO
1915,23,TULUM
1916,23,BACALAR
1917,23,BENITO JUAREZ
1918,23,ISLA MUJERES
1919,23,BENITO JUAREZ
1920,24,AHUALULCO
1921,24,CATORCE
1922,24,CEDRAL
1923,24,CHARCAS
1924,24,MATEHUALA
1925,24,MEXQUITIC DE CARMONA
1926,24,MOCTEZUMA
1927,24,SALINAS
1928,24,SANTO DOMINGO
1929,24,VANEGAS
1930,24,VENADO
1931,24,VILLA DE ARRIAGA
1932,24,VILLA DE GUADALUPE
1933,24,VILLA DE LA PAZ
1934,24,VILLA DE RAMOS
1935,24,ARMADILLO DE LOS INFANTE
1936,24,CERRO DE SAN PEDRO
1937,24,SOLEDAD DE GRACIANO SANCHEZ
1938,24,ZARAGOZA
1939,24,CERRITOS
1940,24,CIUDAD FERNANDEZ
1941,24,GUADALCAZAR
1942,24,LAGUNILLAS
1943,24,RIOVERDE
1944,24,SAN CIRO DE ACOSTA
1945,24,SAN NICOLAS TOLENTINO
1946,24,SANTA MARIA DEL RIO
1947,24,TIERRA NUEVA
1948,24,VILLA DE ARISTA
1949,24,VILLA DE REYES
1950,24,VILLA HIDALGO
1951,24,VILLA JUAREZ
1952,24,ALAQUINES
1953,24,CARDENAS
1954,24,CIUDAD DEL MAIZ
1955,24,CIUDAD VALLES
1956,24,EBANO
1957,24,RAYON
1958,24,SAN VICENTE TANCUAYALAB
1959,24,SANTA CATARINA
1960,24,TAMASOPO
1961,24,TAMUIN
1962,24,TANQUIAN DE ESCOBEDO
1963,24,EL NARANJO
1964,24,SAN LUIS POTOSI
1965,24,SAN LUIS POTOSI
1966,24,AQUISMON
1967,24,TANCANHUITZ
1968,24,COXCATLAN
1969,24,HUEHUETLAN
1970,24,SAN ANTONIO
1971,24,SAN MARTIN CHALCHICUAUTLA
1972,24,TAMAZUNCHALE
1973,24,TAMPACAN
1974,24,TAMPAMOLON CORONA
1975,24,TANLAJAS
1976,24,AXTLA DE TERRAZAS
1977,24,XILITLA
1978,24,MATLAPA
1979,25,CONCORDIA
1980,25,ESCUINAPA
1981,25,MAZATLAN
1982,25,ROSARIO
1983,25,AHOME
1984,25,JUAN JOSE RIOS
1985,25,ANGOSTURA
1986,25,BADIRAGUATO
1987,25,MOCORITO
1988,25,SALVADOR ALVARADO
1989,25,SINALOA
1990,25,NAVOLATO
1991,25,JUAN JOSE RIOS
1992,25,CHOIX
1993,25,EL FUERTE
1994,25,GUASAVE
1995,25,JUAN JOSE RIOS
1996,25,CULIACAN
1997,25,COSALA
1998,25,CULIACAN
1999,25,ELOTA
2000,25,MAZATLAN
2001,25,SAN IGNACIO
2002,25,ELDORADO
2003,25,CULIACAN
2004,26,ALTAR
2005,26,ATIL
2006,26,OQUITOA
2007,26,SARIC
2008,26,TRINCHERAS
2009,26,TUBUTAMA
2010,26,CABORCA
2011,26,PITIQUITO
2012,26,PUERTO PEÑASCO
2013,26,SAN LUIS RIO COLORADO
2014,26,GENERAL PLUTARCO ELIAS CALLES
2015,26,AGUA PRIETA
2016,26,ARIZPE
2017,26,BACOACHI
2018,26,CANANEA
2019,26,CUCURPE
2020,26,FRONTERAS
2021,26,IMURIS
2022,26,MAGDALENA
2023,26,NACO
2024,26,NOGALES
2025,26,SANTA CRUZ
2026,26,HERMOSILLO
2027,26,ACONCHI
2028,26,ARIVECHI
2029,26,BACADEHUACHI
2030,26,BACANORA
2031,26,BACERAC
2032,26,BANAMICHI
2033,26,BAVIACORA
2034,26,BAVISPE
2035,26,BENJAMIN HILL
2036,26,CUMPAS
2037,26,DIVISADEROS
2038,26,GRANADOS
2039,26,HUACHINERA
2040,26,HUASABAS
2041,26,HUEPAC
2042,26,MOCTEZUMA
2043,26,NACORI CHICO
2044,26,NACOZARI DE GARCIA
2045,26,SAHUARIPA
2046,26,SAN FELIPE DE JESUS
2047,26,SAN JAVIER
2048,26,SAN PEDRO DE LA CUEVA
2049,26,SANTA ANA
2050,26,SOYOPA
2051,26,SUAQUI GRANDE
2052,26,TEPACHE
2053,26,VILLA HIDALGO
2054,26,VILLA PESQUEIRA
2055,26,CARBO
2056,26,LA COLORADA
2057,26,MAZATAN
2058,26,OPODEPE
2059,26,RAYON
2060,26,SAN MIGUEL DE HORCASITAS
2061,26,URES
2062,26,BACUM
2063,26,EMPALME
2064,26,GUAYMAS
2065,26,ONAVAS
2066,26,YECORA
2067,26,SAN IGNACIO RIO MUERTO
2068,26,HERMOSILLO
2069,26,CAJEME
2070,26,ALAMOS
2071,26,ETCHOJOA
2072,26,HUATABAMPO
2073,26,NAVOJOA
2074,26,QUIRIEGO
2075,26,ROSARIO
2076,26,BENITO JUAREZ
2077,27,BALANCAN
2078,27,EMILIANO ZAPATA
2079,27,JONUTA
2080,27,MACUSPANA
2081,27,TENOSIQUE
2082,27,CARDENAS
2083,27,HUIMANGUILLO
2084,27,COMALCALCO
2085,27,CUNDUACAN
2086,27,CENTRO
2087,27,CENTLA
2088,27,JALPA DE MENDEZ
2089,27,NACAJUCA
2090,27,PARAISO
2091,27,CENTRO
2092,27,JALAPA
2093,27,TACOTALPA
2094,27,TEAPA
2095,28,NUEVO LAREDO
2096,28,REYNOSA
2097,28,ABASOLO
2098,28,BURGOS
2099,28,CRUILLAS
2100,28,JIMENEZ
2101,28,MAINERO
2102,28,MATAMOROS
2103,28,MENDEZ
2104,28,PADILLA
2105,28,RIO BRAVO
2106,28,SAN CARLOS
2107,28,SAN FERNANDO
2108,28,SAN NICOLAS
2109,28,SOTO LA MARINA
2110,28,VALLE HERMOSO
2111,28,VILLAGRAN
2112,28,MATAMOROS
2113,28,BUSTAMANTE
2114,28,CASAS
2115,28,GÜEMEZ
2116,28,HIDALGO
2117,28,JAUMAVE
2118,28,LLERA
2119,28,MIQUIHUANA
2120,28,PALMILLAS
2121,28,TULA
2122,28,VICTORIA
2123,28,ALDAMA
2124,28,ALTAMIRA
2125,28,ANTIGUO MORELOS
2126,28,GOMEZ FARIAS
2127,28,GONZALEZ
2128,28,EL MANTE
2129,28,NUEVO MORELOS
2130,28,OCAMPO
2131,28,XICOTENCATL
2132,28,CAMARGO
2133,28,GUERRERO
2134,28,GUSTAVO DIAZ ORDAZ
2135,28,MIER
2136,28,MIGUEL ALEMAN
2137,28,REYNOSA
2138,28,CIUDAD MADERO
2139,28,TAMPICO
2140,29,APIZACO
2141,29,ATLANGATEPEC
2142,29,ATLTZAYANCA
2143,29,EL CARMEN TEQUEXQUITLA
2144,29,CUAPIAXTLA
2145,29,CUAXOMULCO
2146,29,HUAMANTLA
2147,29,IXTENCO
2148,29,SANTA CRUZ TLAXCALA
2149,29,TERRENATE
2150,29,TETLA DE LA SOLIDARIDAD
2151,29,TLAXCO
2152,29,TOCATLAN
2153,29,ZITLALTEPEC DE TRINIDAD SANCHEZ SANTOS
2154,29,TZOMPANTEPEC
2155,29,XALOZTOC
2156,29,SAN JOSE TEACALCO
2157,29,EMILIANO ZAPATA
2158,29,LAZARO CARDENAS
2159,29,AMAXAC DE GUERRERO
2160,29,APETATITLAN DE ANTONIO CARVAJAL
2161,29,APIZACO
2162,29,CALPULALPAN
2163,29,MUÑOZ DE DOMINGO ARENAS
2164,29,ESPAÑITA
2165,29,HUEYOTLIPAN
2166,29,IXTACUIXTLA DE MARIANO MATAMOROS
2167,29,TEPETITLA DE LARDIZABAL
2168,29,SANCTORUM DE LAZARO CARDENAS
2169,29,NANACAMILPA DE MARIANO ARISTA
2170,29,NATIVITAS
2171,29,PANOTLA
2172,29,TLAXCALA
2173,29,TOTOLAC
2174,29,XALTOCAN
2175,29,YAUHQUEMEHCAN
2176,29,SANTA APOLONIA TEACALCO
2177,29,SAN DAMIAN TEXOLOC
2178,29,SAN LUCAS TECOPILCO
2179,29,SANTA ANA NOPALUCAN
2180,29,BENITO JUAREZ
2181,29,CHIAUTEMPAN
2182,29,MAZATECOCHCO DE JOSE MARIA MORELOS
2183,29,CONTLA DE JUAN CUAMATZI
2184,29,ACUAMANALA DE MIGUEL HIDALGO
2185,29,SAN PABLO DEL MONTE
2186,29,TENANCINGO
2187,29,TEOLOCHOLCO
2188,29,TEPEYANCO
2189,29,TETLATLAHUCA
2190,29,PAPALOTLA DE XICOHTENCATL
2191,29,XICOHTZINCO
2192,29,ZACATELCO
2193,29,SANTA CRUZ QUILEHTLA
2194,29,SAN JUAN HUACTZINCO
2195,29,SANTA CATARINA AYOMETLA
2196,29,SANTA ISABEL XILOXOXTLA
2197,29,SAN FRANCISCO TETLANOHCAN
2198,29,LA MAGDALENA TLALTELULCO
2199,29,SAN JERONIMO ZACUALPAN
2200,29,SAN LORENZO AXOCOMANITLA
2201,30,CITLALTEPETL
2202,30,CHALMA
2203,30,CHICONAMEL
2204,30,CHONTLA
2205,30,IXCATEPEC
2206,30,OZULUAMA
2207,30,PANUCO
2208,30,PLATON SANCHEZ
2209,30,PUEBLO VIEJO
2210,30,TAMALIN
2211,30,TAMPICO ALTO
2212,30,TANTIMA
2213,30,TANTOYUCA
2214,30,TEMPOAL
2215,30,EL HIGO
2216,30,ALAMO TEMAPACHE
2217,30,NARANJOS AMATLAN
2218,30,BENITO JUAREZ
2219,30,CASTILLO DE TEAYO
2220,30,CERRO AZUL
2221,30,CHICONTEPEC
2222,30,CHINAMPA DE GOROSTIZA
2223,30,HUAYACOCOTLA
2224,30,ILAMATLAN
2225,30,IXHUATLAN DE MADERO
2226,30,TANCOCO
2227,30,TEPETZINTLA
2228,30,TEXCATEPEC
2229,30,TLACHICHILCO
2230,30,ZACUALPAN
2231,30,ZONTECOMATLAN
2232,30,ACAYUCAN
2233,30,COSOLEACAQUE
2234,30,CHINAMECA
2235,30,ISLA
2236,30,JUAN RODRIGUEZ CLARA
2237,30,PLAYA VICENTE
2238,30,SAN JUAN EVANGELISTA
2239,30,SAYULA DE ALEMAN
2240,30,SOCONUSCO
2241,30,ZARAGOZA
2242,30,SANTIAGO SOCHIAPAN
2243,30,BOCA DEL RIO
2244,30,VERACRUZ
2245,30,POZA RICA DE HIDALGO
2246,30,TAMIAHUA
2247,30,TIHUATLAN
2248,30,TUXPAN
2249,30,CAZONES DE HERRERA
2250,30,COAHUITLAN
2251,30,COATZINTLA
2252,30,COXQUIHUI
2253,30,COYUTLA
2254,30,CHUMATLAN
2255,30,ESPINAL
2256,30,FILOMENO MATA
2257,30,GUTIERREZ ZAMORA
2258,30,MECATLAN
2259,30,PAPANTLA
2260,30,TECOLUTLA
2261,30,ZOZOCOLCO DE HIDALGO
2262,30,ALTOTONGA
2263,30,ATZALAN
2264,30,JALACINGO
2265,30,MARTINEZ DE LA TORRE
2266,30,MISANTLA
2267,30,NAUTLA
2268,30,TENOCHTITLAN
2269,30,TLAPACOYAN
2270,30,SAN RAFAEL
2271,30,ACATLAN
2272,30,ACTOPAN
2273,30,ALTO LUCERO DE GUTIERREZ BARRIOS
2274,30,LA ANTIGUA
2275,30,APAZAPAN
2276,30,TLALTETELA
2277,30,COLIPA
2278,30,CHICONQUIACO
2279,30,EMILIANO ZAPATA
2280,30,JALCOMULCO
2281,30,JUCHIQUE DE FERRER
2282,30,LANDERO Y COSS
2283,30,MIAHUATLAN
2284,30,NAOLINCO
2285,30,PASO DE OVEJAS
2286,30,PUENTE NACIONAL
2287,30,TENAMPA
2288,30,TEPETLAN
2289,30,TONAYAN
2290,30,TOTUTLA
2291,30,URSULO GALVAN
2292,30,VEGA DE ALATORRE
2293,30,YECUATLA
2294,30,ACAJETE
2295,30,AYAHUALULCO
2296,30,BANDERILLA
2297,30,COACOATZINTLA
2298,30,COATEPEC
2299,30,COSAUTLAN DE CARVAJAL
2300,30,IXHUACAN DE LOS REYES
2301,30,JILOTEPEC
2302,30,LAS MINAS
2303,30,PEROTE
2304,30,RAFAEL LUCIO
2305,30,LAS VIGAS DE RAMIREZ
2306,30,TATATILA
2307,30,TEOCELO
2308,30,TLACOLULAN
2309,30,TLALNELHUAYOCAN
2310,30,VILLA ALDAMA
2311,30,XICO
2312,30,XALAPA
2313,30,COATZACOALCOS
2314,30,IXHUATLAN DEL SURESTE
2315,30,MOLOACAN
2316,30,NANCHITAL DE LAZARO CARDENAS DEL RIO
2317,30,AGUA DULCE
2318,30,VERACRUZ
2319,30,CAMARON DE TEJEDA
2320,30,ATOYAC
2321,30,CARRILLO PUERTO
2322,30,COMAPA
2323,30,COTAXTLA
2324,30,HUATUSCO
2325,30,IXHUATLAN DEL CAFE
2326,30,JAMAPA
2327,30,MANLIO FABIO ALTAMIRANO
2328,30,MEDELLIN DE BRAVO
2329,30,PASO DEL MACHO
2330,30,SOCHIAPA
2331,30,SOLEDAD DE DOBLADO
2332,30,TEPATLAXCO
2333,30,TLACOTEPEC DE MEJIA
2334,30,ZENTLA
2335,30,LAS CHOAPAS
2336,30,HIDALGOTITLAN
2337,30,JALTIPAN
2338,30,JESUS CARRANZA
2339,30,MINATITLAN
2340,30,OLUTA
2341,30,OTEAPAN
2342,30,TEXISTEPEC
2343,30,UXPANAPA
2344,30,ALPATLAHUAC
2345,30,ATZACAN
2346,30,CALCAHUALCO
2347,30,COSCOMATEPEC
2348,30,CHOCAMAN
2349,30,HUILOAPAN DE CUAUHTEMOC
2350,30,IXHUATLANCILLO
2351,30,MARIANO ESCOBEDO
2352,30,ORIZABA
2353,30,LA PERLA
2354,30,RIO BLANCO
2355,30,TOMATLAN
2356,30,AMATLAN DE LOS REYES
2357,30,CORDOBA
2358,30,CUITLAHUAC
2359,30,FORTIN
2360,30,IXTACZOQUITLAN
2361,30,YANGA
2362,30,ACULA
2363,30,ALVARADO
2364,30,AMATITLAN
2365,30,COSAMALOAPAN
2366,30,CHACALTIANGUIS
2367,30,IGNACIO DE LA LLAVE
2368,30,IXMATLAHUACAN
2369,30,LERDO DE TEJADA
2370,30,OTATITLAN
2371,30,SALTABARRANCA
2372,30,JOSE AZUETA
2373,30,TIERRA BLANCA
2374,30,TLACOJALPAN
2375,30,TLACOTALPAN
2376,30,TLALIXCOYAN
2377,30,TUXTILLA
2378,30,TRES VALLES
2379,30,CARLOS A. CARRILLO
2380,30,ACULTZINGO
2381,30,AQUILA
2382,30,ASTACINGA
2383,30,ATLAHUILCO
2384,30,CAMERINO Z. MENDOZA
2385,30,COETZALA
2386,30,CUICHAPA
2387,30,MAGDALENA
2388,30,MALTRATA
2389,30,MIXTLA DE ALTAMIRANO
2390,30,NARANJAL
2391,30,NOGALES
2392,30,OMEALCA
2393,30,RAFAEL DELGADO
2394,30,LOS REYES
2395,30,SAN ANDRES TENEJAPAN
2396,30,SOLEDAD ATZOMPA
2397,30,TEHUIPANGO
2398,30,TEQUILA
2399,30,TEXHUACAN
2400,30,TEZONAPA
2401,30,TLAQUILPA
2402,30,TLILAPAN
2403,30,XOXOCOTLA
2404,30,ZONGOLICA
2405,30,ANGEL R. CABADA
2406,30,CATEMACO
2407,30,HUEYAPAN DE OCAMPO
2408,30,MECAYAPAN
2409,30,PAJAPAN
2410,30,SAN ANDRES TUXTLA
2411,30,SANTIAGO TUXTLA
2412,30,SOTEAPAN
2413,30,TATAHUICAPAN DE JUAREZ
2414,31,CALOTMUL
2415,31,CANTAMAYEC
2416,31,CUNCUNUL
2417,31,CHACSINKIN
2418,31,CHANKOM
2419,31,CHEMAX
2420,31,CHICHIMILA
2421,31,CHIKINDZONOT
2422,31,DZITAS
2423,31,ESPITA
2424,31,KAUA
2425,31,PANABA
2426,31,PETO
2427,31,QUINTANA ROO
2428,31,RIO LAGARTOS
2429,31,SAN FELIPE
2430,31,SUCILA
2431,31,TAHDZIU
2432,31,TEKOM
2433,31,TEMOZON
2434,31,TINUM
2435,31,TIXCACALCUPUL
2436,31,TIXMEHUAC
2437,31,TIZIMIN
2438,31,UAYMA
2439,31,VALLADOLID
2440,31,YAXCABA
2441,31,ACANCEH
2442,31,BACA
2443,31,BOKOBA
2444,31,BUCTZOTZ
2445,31,CACALCHEN
2446,31,CANSAHCAB
2447,31,CENOTILLO
2448,31,CONKAL
2449,31,CUZAMA
2450,31,CHICXULUB PUEBLO
2451,31,DZEMUL
2452,31,DZIDZANTUN
2453,31,DZILAM DE BRAVO
2454,31,DZILAM GONZALEZ
2455,31,DZONCAUICH
2456,31,HOCABA
2457,31,HOCTUN
2458,31,HOMUN
2459,31,HUHI
2460,31,IXIL
2461,31,IZAMAL
2462,31,KANTUNIL
2463,31,MOCOCHA
2464,31,MOTUL
2465,31,MUXUPIP
2466,31,PROGRESO
2467,31,SANAHCAT
2468,31,SEYE
2469,31,SINANCHE
2470,31,SOTUTA
2471,31,SUDZAL
2472,31,SUMA
2473,31,TAHMEK
2474,31,TECOH
2475,31,TEKAL DE VENEGAS
2476,31,TEKANTO
2477,31,TELCHAC PUEBLO
2478,31,TELCHAC PUERTO
2479,31,TEMAX
2480,31,TEPAKAN
2481,31,TEYA
2482,31,TIMUCUY
2483,31,TIXKOKOB
2484,31,TIXPEHUAL
2485,31,TUNKAS
2486,31,XOCCHEL
2487,31,YAXKUKUL
2488,31,YOBAIN
2489,31,MERIDA
2490,31,MERIDA
2491,31,ABALA
2492,31,AKIL
2493,31,CELESTUN
2494,31,CHAPAB
2495,31,CHOCHOLA
2496,31,CHUMAYEL
2497,31,DZAN
2498,31,HALACHO
2499,31,HUNUCMA
2500,31,KINCHIL
2501,31,KOPOMA
2502,31,MAMA
2503,31,MANI
2504,31,MAXCANU
2505,31,MAYAPAN
2506,31,MUNA
2507,31,OPICHEN
2508,31,OXKUTZCAB
2509,31,SACALUM
2510,31,SAMAHIL
2511,31,SANTA ELENA
2512,31,TEABO
2513,31,TEKAX
2514,31,TEKIT
2515,31,TETIZ
2516,31,TICUL
2517,31,TZUCACAB
2518,31,UCU
2519,31,UMAN
2520,31,KANASIN
2521,31,MERIDA
2522,32,CHALCHIHUITES
2523,32,FRESNILLO
2524,32,JIMENEZ DEL TEUL
2525,32,JUAN ALDAMA
2526,32,MIGUEL AUZA
2527,32,SAIN ALTO
2528,32,SOMBRERETE
2529,32,VALPARAISO
2530,32,APOZOL
2531,32,APULCO
2532,32,ATOLINGA
2533,32,BENITO JUAREZ
2534,32,CUAUHTEMOC
2535,32,TRINIDAD GARCIA DE LA CADENA
2536,32,GENARO CODINA
2537,32,EL PLATEADO DE JOAQUIN AMARO
2538,32,HUANUSCO
2539,32,JALPA
2540,32,JEREZ
2541,32,JUCHIPILA
2542,32,LORETO
2543,32,LUIS MOYA
2544,32,MEZQUITAL DEL ORO
2545,32,MOMAX
2546,32,MONTE ESCOBEDO
2547,32,MOYAHUA DE ESTRADA
2548,32,NOCHISTLAN DE MEJIA
2549,32,OJOCALIENTE
2550,32,SUSTICACAN
2551,32,TABASCO
2552,32,TEPECHITLAN
2553,32,TEPETONGO
2554,32,TEUL DE GONZALEZ ORTEGA
2555,32,TLALTENANGO DE SANCHEZ ROMAN
2556,32,VILLANUEVA
2557,32,SANTA MARIA DE LA PAZ
2558,32,CALERA
2559,32,CAÑITAS DE FELIPE PESCADOR
2560,32,CONCEPCION DEL ORO
2561,32,GENERAL ENRIQUE ESTRADA
2562,32,GENERAL FRANCISCO R. MURGUIA
2563,32,MAZAPIL
2564,32,MELCHOR OCAMPO
2565,32,MORELOS
2566,32,PANUCO
2567,32,RIO GRANDE
2568,32,EL SALVADOR
2569,32,VETAGRANDE
2570,32,VILLA DE COS
2571,32,ZACATECAS
2572,32,GENERAL PANFILO NATERA
2573,32,GUADALUPE
2574,32,NORIA DE ANGELES
2575,32,PINOS
2576,32,VILLA GARCIA
2577,32,VILLA GONZALEZ ORTEGA
2578,32,VILLA HIDALGO
2579,32,TRANCOSO
